".id","bibtexkey","author","title","year","review_items","operationalisations"
"self-identity-operationalizations.bib","NA","Haydon, Helen M. and Obst, Patricia L. and Lewis, Ioni","Examining women's alcohol consumption: The theory of planned behavior and self-identity.","2018/01//","incl","  “I think of myself as a drinker.”
 “I am the type of person who enjoys a drink.”
 “I am the type of person who doesn't mind getting a bit drunk.” 
 “I think of myself as fun because I have a few drinks.”"
"self-identity-operationalizations.bib","NA","Carfora, V. and Caso, D. and Sparks, P. and Conner, M.","Moderating effects of pro-environmental self-identity on pro-environmental intentions and behaviour: A multi-behaviour study.","2017/11//","incl","  ‘I think of myself as an environmentally-friendly consumer"
"self-identity-operationalizations.bib","NA","Ho, Shirley S. and Lwin, May O. and Lee, Edmund W. J.","Till logout do us part? Comparison of factors predicting excessive social network sites use and addiction between Singaporean adolescents and adults.","2017/10//","incl","  “I would feel a loss if I were forced to give up SNSs;” 
 “For me, being a SNSs user means more than just using SNSs;” 
 “SNSs are an important part of who I am.”"
"self-identity-operationalizations.bib","NA","O'Connor, Erin L. and Sims, Lauren and White, Katherine M.","Ethical food choices: Examining people’s Fair Trade purchasing decisions.","2017/09//","incl","  I think of myself as an ethical shopper"
"self-identity-operationalizations.bib","NA","Malek, Lenka and Umberger, Wendy J. and Makrides, Maria and ShaoJia, Zhou","Predicting healthy eating intention and adherence to dietary recommendations during pregnancy in Australia using the Theory of Planned Behaviour.","2017/09/01/","incl","  In general, I am someone who is concerned about the health consequences of what I eat 
 I am someone who is concerned with ‘healthy eating’ in general"
"self-identity-operationalizations.bib","NA","Carfora, V. and Caso, D. and Conner, M.","The role of self-identity in predicting fruit and vegetable intake.","2016/11/01/","incl","  “I think of myself as a healthy eater” 
 “I think of myself as a person who is interested in eating healthy” 
 ‘‘I think of myself as someone who is concerned about the health consequences of what I eat …"
"self-identity-operationalizations.bib","NA","Jiang, Caihong and Zhao, Wenguo and Sun, Xianghong and Zhang, Kan and Zheng, Rui and Qu, Weina","The effects of the self and social identity on the intention to microblog: An extension of the theory of planned behavior.","2016/11//","incl","  “I am a microblog user”"
"self-identity-operationalizations.bib","NA","Wan, Xin and Schonfeld, Paul M. and Li, Qiming","What factors determine metro passengers’ risky riding behavior? An approach based on an extended theory of planned behavior.","2016/10//","incl","  ‘‘I am the sort of passenger who rides safely and carefully at every opportunity” 
 ‘‘I see myself as a safe metro passenger”"
"self-identity-operationalizations.bib","NA","Chatzidakis, Andreas and Kastanakis, Minas and Stathopoulou, Anastasia","Socio-cognitive determinants of consumers’ support for the fair trade movement.","2016/01//","incl","  ‘‘To support fair trade is an important part of who I am’’. 
 ‘‘I think of myself as someone who is concerned about ethical issues in consumption’’. 
 ‘‘I am not the type of person oriented to support fair trade’’."
"self-identity-operationalizations.bib","NA","Obschonka, Martin and Silbereisen, Rainer K. and Cantner, Uwe and Goethner, Maximilian","Entrepreneurial self-identity: Predictors and effects within the theory of planned behavior framework.","2015/12//","incl","  “The idea of participating in the [target behavior] to commercialize my research…”; Item 1: “…does not fit my self-concept” 
 “The idea of participating in the [target behavior] to commercialize my research…Item 2: “…is completely alien to me”
“The idea of participating in the [target behavior] to commercialize my research…” Item 3: “…fits well into the image that I have of myself and my scientific work”"
"self-identity-operationalizations.bib","NA","Bagot, Kathleen L. and Masser, Barbara M. and White, Katherine M.","Using an extended theory of planned behavior to predict a change in the type of blood product donated.","2015/08//","incl","  Donation is important to me 
 I am the kind of person who is a donor"
"self-identity-operationalizations.bib","NA","Peluso, Alessandro M.","Psychological drivers in the adoption of morally controversial innovations: The moderating role of ethical self-identity.","2015/07//","incl","  ‘I think of myself as someone who is concerned aboutethical issues’ 
 ‘I think of myself as an ethical person’"
"self-identity-operationalizations.bib","NA","Cheng, Pi-Yueh and Chu, Mei-Chin","Behavioral factors affecting students’ intentions to enroll in business ethics courses: A comparison of the theory of planned behavior and social cognitive theory using self-identity as a moderator.","2014/09//","incl","  I will study hard for the ethics courses 
 I am concerned with ethical issues"
"self-identity-operationalizations.bib","NA","Booth, Amy R. and Norman, Paul and Goyder, Elizabeth and Harris, Peter R. and Campbell, Michael J.","Pilot study of a brief intervention based on the theory of planned behaviour and self-identity to increase chlamydia testing among young people living in deprived areas.","2014/09//","incl","  ‘I am the type of person to get tested for chlamydia regularly’"
"self-identity-operationalizations.bib","NA","Marta, Elena and Manzi, Claudia and Pozzi, Maura and Vignoles, Vivian Laurance","Identity and the theory of planned behavior: Predicting maintenance of volunteering after three years.","2014/05//","incl","  To volunteer is an important part of my identity"
"self-identity-operationalizations.bib","NA","Oh, Jong-Chul and Yoon, Sung-Joon","Theory-based approach to factors affecting ethical consumption.","2014/05//","incl","  My consumption is identical with my lifestyle. 
 My consumption is identical with my values. 
 My consumption is identical with my image. 
 My consumption is identical with my characteristics."
"self-identity-operationalizations.bib","NA","Booth, Amy R. and Norman, Paul and Harris, Peter R. and Goyder, Elizabeth","Using the theory of planned behaviour and self-identity to explain chlamydia testing intentions in young people living in deprived areas.","2014/02//","incl","  ‘I am the kind of person who gets tested for chlamydia [regularly]’"
"self-identity-operationalizations.bib","NA","Leyland, Sandra D. and van Wersch, Anna and Woodhouse, David","Testing an extended theory of planned behaviour to predict intention to participate in health-related exercise during long-distance flight travel.","2014/01//","incl","  “I am the type of person who would<U+2009>…[walking for exercise when the opportunity arises during my next long-haul flight”/“doing seated exercise when the opportunity arises during my next long-haul flight”]” 
 “I am typical of the sort of person who would<U+2009>…” [walking for exercise when the opportunity arises during my next long-haul flight”/“doing seated exercise when the opportunity arises during my next long-haul flight”]"
"self-identity-operationalizations.bib","NA","Hyde, Melissa K. and Knowles, Simon R. and White, Katherine M.","Donating blood and organs: Using an extended theory of planned behavior perspective to identify similarities and differences in individual motivations to donate.","2013/12//","incl","  Blood [organ] donation is an important part of who I am”"
"self-identity-operationalizations.bib","NA","Hyde, Melissa K. and White, Katherine M.","Testing an extended theory of planned behavior to predict young people's intentions to join a bone marrow donor registry.","2013/12//","incl","  “I am the type of person who would register as a bone marrow donor,”"
"self-identity-operationalizations.bib","NA","Dowd, Kylie and Burke, Karena J.","The influence of ethical values and food choice motivations on intentions to purchase sustainably sourced foods.","2013/10/01/","incl","  I think of myself as someone who is concerned about ethical issues 
 I think of myself as an ethical consumer"
"self-identity-operationalizations.bib","NA","Barata, Raquel and Castro, Paula","'I feel recycling matters… sometimes': The negative influence of ambivalence on waste separation among teenagers.","2013/09//","incl","  “I like to think of myself as someone with environmental concern” 
 “I separate my waste because I want to feel that I personally contribute to reducing air pollution”"
"self-identity-operationalizations.bib","NA","Elliott, Mark A. and Thomson, James A. and Robertson, Kirsty and Stephenson, Carry and Wicks, John","Evidence that changes in social cognitions predict changes in self-reported driver behavior: Causal analyses of two-wave panel data.","2013/01//","incl","  “Does driving faster than the speed limit on urban roads/country roads/fast dual carriageways or motorways form an important part of who you are as a person?” (1 = no, not at all to 9 = yes, very much so)"
"self-identity-operationalizations.bib","NA","Hoang, Thu Gia","Reconceptualizing organizational commitment using the theory of reasoned action: Testing antecedents of multiple organizational behaviors.","2013///","incl","  Trying to come to an understanding with parties related to the problem makes me feel as a good member of the organization 
 In collaboration with related parties in the organization, trying to find a solution that is satisfactory to everybody makes me feel as a good member of the organization 
 Trying to work out an ideal solution in collaboration with related parities makes me feel as a good member of the organization 
 Together with related parties in the organization, exploring each other<U+201F>s opinions until the problems are solved makes me feel as a good member of the organization 
 Talking with related parties in the organization about the problem until a total agreement is reached makes me feel as a good member of the organization 
 Suggesting solutions to related parties in the organization in dealing with organizational problems makes me feel as a good member of the organization 
 Immediately reporting the problem to supervisor and related parties in the organization makes me feel as a good member of the organization 
 Immediately trying to find a solution makes me feel as a good member of the organization 
 Trying to think of different solutions to the problem makes me feel as a good member of the organization"
"self-identity-operationalizations.bib","NA","Tunnicliff, Deborah J. and Watson, Barry C. and White, Katherine M. and Hyde, Melissa K. and Schonfeld, Cynthia C. and Wishart, Darren E.","Understanding the factors influencing safe and unsafe motorcycle rider intentions.","2012/11//","incl","  “I am the sort of rider who rides safely at every opportunity” 
 “Being a safe rider is an important part of who I am” 
 “I am the sort of rider who takes risks at every opportunity” 
 “Being a rider who takes risks is an important part of who I am”"
"self-identity-operationalizations.bib","NA","Chorlton, Kathryn and Conner, Mark and Jamson, Samantha","Identifying the psychological determinants of risky riding: An application of an extended Theory of Planned Behaviour.","2012/11//","incl","  ‘I see myself as a safe motorcyclist’"
"self-identity-operationalizations.bib","NA","de Bruijn, Gert-Jan and Verkooijen, Kirsten and de Vries, Nanne K. and van den Putte, Bas","Antecedents of self identity and consequences for action control: An application of the theory of planned behaviour in the exercise domain.","2012/11//","incl","  [..] engaging in sufficient exercise was something that [..] fitted the way they wanted to live, 
 [..] engaging in sufficient exercise was something that [..] fits who they are 
 whether they saw themselves as someone who engaged in sufficient exercise 
 if they were a typical person who engages in sufficient exercise"
"self-identity-operationalizations.bib","NA","White, Katherine M. and Hyde, Melissa K.","The role of self-perceptions in the prediction of household recycling behavior in Australia.","2012/11//","incl","  “To engage in household recycling is an important part of who I am,” 
 “I am not the type of person oriented to engage in household recycling,”"
"self-identity-operationalizations.bib","NA","Gardner, Benjamin and de Bruijn, Gert-Jan and Lally, Phillippa","Habit, identity, and repetitive action: A prospective study of binge-drinking in UK students.","2012/09//","incl","  (...drink[ing] more than 8 units on one occasion...) ... is an important part of who I am 
 It would be out of character for me not to... (...drink[ing] more than 8 units on one occasion...) 
 I see myself as a person who...(...drink[ing] more than 8 units on one occasion...) 
 I like to think of myself as someone who... (...drink[ing] more than 8 units on one occasion...)"
"self-identity-operationalizations.bib","NA","de Bruijn, Gert-Jan and van den Putte, Bas","Exercise promotion: An integration of exercise self-identity, beliefs, intention, and behaviour.","2012/07//","incl","  ‘‘Engaging in sufficient exercise is something that fits the way I want to live’’ 
 ‘‘Engaging in sufficient exercise is something that fits who I am’’ 
 ‘‘I see myself as someone who engages in sufficient exercise’’ 
 ‘‘I am a typical person who engages in sufficient exercise’’"
"self-identity-operationalizations.bib","NA","Dean, Moira and Raats, Monique M. and Shepherd, Richard","The role of self-identity, past behavior, and their interaction in predicting intention to purchase fresh and processed organic food.","2012/03//","incl","  “I think of myself as a green consumer,” 
 “I think of myself as someone who is concerned with green issues”"
"self-identity-operationalizations.bib","NA","Lu, Jia","Predicting blood donations among college students as a strategy to design voluntary blood donation campaigns in China.","2012///","incl","  Donating blood is an important part of who I am. 
 I am not the type of person who donates blood. 
 I would feel at a loss if could not donate blood."
"self-identity-operationalizations.bib","NA","Hassandra, Mary and Vlachopoulos, Symeon P. and Kosmidou, Evdoxia and Hatzigeorgiadis, Antonis and Goudas, Marios and Theodorakis, Yiannis","Predicting students’ intention to smoke by theory of planned behaviour variables and parental influences across school grade levels.","2011/09//","incl","  ‘Smoking is an important part of myself’ 
 ‘I see myself as a person who smokes’ 
 ‘It’s in my character to be a smoker’ 
 ‘I am the type of the person who smokes’"
"self-identity-operationalizations.bib","NA","Lokhorst, Anne Marike and Staats, Henk and van Dijk, Jerry and van Dijk, Eric and de Snoo, Geert","What's in it for me? Motivational differences between farmers' subsidised and non-subsidised conservation practices.","2011/07//","incl","  “Subsidised /non-subsidised nature conservation practices are part of who I am” 
 “Subsidised / non-subsidised nature conservation practices are somethingthat is typical for me”"
"self-identity-operationalizations.bib","NA","White, Katherine M. and O'Connor, Erin L. and Hamilton, Kyra","In-group and role identity influences on the initiation and maintenance of students' voluntary attendance at peer study sessions for statistics.","2011/06//","incl","  “Generally speaking, I think it is appropriate for me as a student enrolled in PYB110 to . . .[attending peer-assisted study sessions for <U+FB01>rst-year statistics] ” 
 “Thinking of myself as a student enrolled in PYB110, it is not important for me to . . .[attending peer-assisted study sessions for <U+FB01>rst-year statistics] ” 
 For me, . . . [attending peer-assisted study sessions for <U+FB01>rst-year statistics] will not assist in fulfilling my role as a student enrolled in PYB110 
 As a student enrolled in PYB110, I think it is important for me to . . . [attending peer-assisted study sessions for <U+FB01>rst-year statistics] 
 To what extent do you think that . . .[attending peer-assisted study sessions for <U+FB01>rst-year statistics] is a significant part of your role as a student enrolled in PYB110?"
"self-identity-operationalizations.bib","NA","Langteau, Rita Ann","Neurologists' discussion intentions regarding a medical innovation: An examination of psychological determinants and personal normative influences.","2011///","incl","  “I would be the person primarily responsible for initiating a discussion of DBS surgery with this patient,”"
"self-identity-operationalizations.bib","NA","Elliott, Mark A. and Thomson, James A.","The social cognitive determinants of offending drivers’ speeding behaviour.","2010/11//","incl","  “Does driving faster than the speed limit form an important part of who you are as a person?”"
"self-identity-operationalizations.bib","NA","Høie, Magnhild and Moan, Inger Synnøve and Rise, Jostein","An extended version of the theory of planned behavour: Prediction of intentions to quit smoking using past behaviour as moderator.","2010/10//","incl","  I consider myself as a person who smokes 
 I am a good example of a person who smokes"
"self-identity-operationalizations.bib","NA","Whitmarsh, Lorraine and O'Neill, Saffron","Green identity, green living? The role of pro-environmental self-identity in determining consistency across diverse pro-environmental behaviours.","2010/09//","incl","  ‘I think of myself as an environmentally-friendly consumer’, 
 ‘I think of myself as someone who is very concerned with environmental issues 
 ‘I would be embarrassed to be seen as having an environmentallyfriendly lifestyle’ 
 ‘I would not want my family or friends to think of me as someone who is concerned about environmental issues’"
"self-identity-operationalizations.bib","NA","Burger, Christoph and Riemer, Valentin and Grafeneder, Jürgen and Woisetschläger, Bianca and Vidovic, Dragana and Hergovich, Andreas","Reaching the mobile respondent: Determinants of high-level mobile phone use among a high-coverage group.","2010/08//","incl","  ‘‘Being a mobile phone user is an important part of who I am’"
"self-identity-operationalizations.bib","NA","Wilkinson, Wayne W. and Sagarin, Brad J.","Psychological antecedents of heterosexuals' pro-gay activism behavior.","2010/08//","incl","  “Supporting the LGB community is an important part of who I am”"
"self-identity-operationalizations.bib","NA","Nigbur, Dennis and Lyons, Evanthia and Uzzell, David","Attitudes, norms, identity and environmental behaviour: Using an expanded theory of planned behaviour to predict participation in a kerbside recycling programme.","2010/06//","incl","  ‘To engage in householdrecycling is an important part of who I am’"
"self-identity-operationalizations.bib","NA","Hyde, Melissa K. and White, Katherine M.","Are organ donation communication decisions reasoned or reactive? A test of the utility of an augmented theory of planned behaviour with the prototype/willingness model.","2010/05//","incl","  ‘Being an organ donor is an important part of who I am’"
"self-identity-operationalizations.bib","NA","Elliott, Mark A.","Predicting motorcyclists’ intentions to speed: Effects of selected cognitions from the theory of planned behaviour, self-identity and social identity.","2010/03//","incl","  “Does riding faster than [30 mph/70 mph] on roads like this form an important part of who you are as a person?”"
"self-identity-operationalizations.bib","NA","Pelling, Emma L. and White, Katherine M.","The theory of planned behavior applied to young people's use of social networking Web sites.","2009/12//","incl","  ‘‘I am the type of person who uses social networking Web sites (e.g. Facebook, MySpace, Bebo)’"
"self-identity-operationalizations.bib","NA","Hyde, Melissa K. and White, Katherine M.","Disclosing donation decisions: The role of organ donor prototypes in an extended theory of planned behaviour.","2009/12//","incl","  ‘I am the type of person who would discuss my organ donation decision with my partner or family members’"
"self-identity-operationalizations.bib","NA","van den Putte, Bas and Yzer, Marco and Willemsen, Marc C. and de Bruijn, Gert-Jan","The effects of smoking self-identity and quitting self-identity on attempts to quit smoking.","2009/09//","incl","  “Quitting smoking within the next 3 months fits with the kind of person I want to be” 
 “Quitting smoking within the next 3 months fits with how I want to live” 
 “Smoking fits with the kind of person I want to be” 
 “Smoking fits with how I want to live”"
"self-identity-operationalizations.bib","NA","Hyde, Melissa K. and White, Katherine M.","To be a donor or not to be? Applying an extended theory of planned behavior to predict posthumous organ donation intentions.","2009/04//","incl","  “To be/continue to be an organ and/or tissue donor is an important part of who I am,”"
"self-identity-operationalizations.bib","NA","White, Katherine M. and Wellington, Larne","Predicting participation in group parenting education in an Australian sample: The role of attitudes, norms, and control factors.","2009/03//","incl","  ‘‘Being the type of person who participates in parenting education is an important part of who I am’’"
"self-identity-operationalizations.bib","NA","Fielding, Kelly S. and McDonald, Rachel and Louis, Winnifred R.","Theory of planned behaviour, identity and intentions to engage in environmental activism.","2008/12//","incl","  ‘‘I think of myself as an environmental activist’’ 
 ‘‘To engage in environmental activism is an important part of who I am’ 
 ‘‘I am not the type of person who would be involved in environmental activism’’"
"self-identity-operationalizations.bib","NA","McMillan, Brian and Conner, Mark and Woolridge, Mike and Dyson, Lisa and Green, Josephine and Renfrew, Mary and Bharj, Kuldip and Clarke, Graham","Predicting breastfeeding in women living in areas of economic hardship: Explanatory role of the theory of planned behaviour.","2008/10//","incl","  ‘Breastfeeding would be an important part of who I am’ 
 ‘I would feel upset if I was not able to breastfeed’ 
 ‘I wouldn’t like other people to see me as the sort of woman who would breastfeed’ 
 ‘I wouldn’t like other people to see me as the sort of woman who would bottle feed’"
"self-identity-operationalizations.bib","NA","Mason, Tania E. and White, Katherine M.","Applying an extended model of the theory of planned behaviour to breast self-examination.","2008/10//","incl","  ‘To engage in health promoting behaviours is an important part of who I am’"
"self-identity-operationalizations.bib","NA","White, Katherine M. and Thomas, Ian and Johnston, Kim L. and Hyde, Melissa K.","Predicting attendance at peer-assisted study sessions for statistics: Role identity and the theory of planned behavior.","2008/08//","incl","  To what extent do you think that attending every peer-assisted study session for 1st-year statistics this semester is a significant part of your role as a student enrolled in bachelor of social science (psychology)? 
 “Generally speaking, I think it is appropriate for me as a student enrolled in bachelor of social science (psychology) to attend every peer-assisted study session for 1st-year statistics this semester” 
 “Thinking of myself as a student enrolled in bachelor of social science (psychology), it is not important for me to attend every peer-assisted study session for 1st-year statistics this semester” 
 “For me, attending every peer-assisted study session for 1st-year statistics this semester will not assist in fulfilling my role as a student enrolled in bachelor of social science (psychology)” 
 “As a student enrolled in bachelor of social science (psychology), I think it is important for me to attend every peer-assisted study session for 1st-year statistics this semester.”"
"self-identity-operationalizations.bib","NA","Smith, Joanne R. and Terry, Deborah J. and Manstead, Antony S. R. and Louis, Winnifred R. and Kotterman, Diana and Wolfs, Jaqueline","The attitude-behavior relationship in consumer conduct: The role of norms, past behavior, and self-identity.","2008/06//","incl","  “I consider myself a typical buyer of my preferred soft drink” 
 “I see myself as a typical buyer of my preferred soft drink.”"
"self-identity-operationalizations.bib","NA","Hamilton, Kyra and White, Katherine M.","Extending the theory of planned behavior: The role of self and social influences in predicting adolescent regular moderate-to- vigorous physical activity.","2008/02//","incl","  “To do physical activity is an important part of who I am,”"
"self-identity-operationalizations.bib","NA","Smith, Joanne R. and Terry, Deborah J. and Manstead, Antony S. R. and Louis, Winnifred R. and Kotterman, Diana and Wolfs, Jacqueline","Interaction effects in the theory of planned behavior: The interplay of self-identity and past behavior.","2007/11//","incl","  “I consider myself as a typical buyer of my preferred beer” 
 “I see myself as a typical buyer of my preferred beer”)."
"self-identity-operationalizations.bib","NA","Walsh, Shari P. and White, Katherine M.","Me, my mobile, and I: The role of self- and prototypical identity influences in the prediction of mobile phone behavior.","2007/10//","incl","  “Being a mobile phone user is an important part of who I am”
“I would feel lost without using my mobile phone”
“I am not the type of person oriented touseamobilephone.”"
"self-identity-operationalizations.bib","NA","Thorbjørnsen, Helge and Pedersen, Per E. and Nysveen, Herbjørn","'This is who I am': Identity expressiveness and the theory of planned behavior.","2007/09//","incl","  “I use MMS to express my personal values.” 
 “I use MMS to express who I want to be.” 
 “Using mobileservices like MMS is part of how I express my personality.”"
"self-identity-operationalizations.bib","NA","Tsigilis, Nikolaos and Tsioumis, Konstantinos and Gregoriadis, Athanasios","Applicability of the planned behavior theory to attitudes of students in early childhood education toward teaching cutltually diverse classes: The role of self-identity.","2007/06//","incl","  ""Generally, I am the type who is going to teach multicultural classes,"""
"self-identity-operationalizations.bib","NA","Chedzoy, S. M. and Burden, R. L.","What can psychology tell us about teaching dance? The potential contribution of Ajzen's Theory of Planned Behavior.","2007/04//","incl","  [‘I think of myself as’:] a person who teaches dance’ 
 [‘I think of myself as’:] a person who generally recognises the educational benefits of dance’."
"self-identity-operationalizations.bib","NA","Moan, Inger Synnøve and Rise, Jostein","Predicting smoking reduction among adolescents using an extended version of the theory of planned behaviour.","2006/12//","incl","  ‘‘I look at myself as a person who smokes’’ 
 ‘‘I’m a good example of a person who smokes’’ 
 ‘‘I would feel that I missed out on something if I didn’t smoke’’"
"self-identity-operationalizations.bib","NA","Hagger, Martin S. and Chatzisarantis, Nikos L. D.","Self-identity and the theory of planned behaviour: Between- and within-participants analyses.","2006/12//","incl","  ‘buying a magazine in the next 2 weeks is an important part ofwho I am’ 
 ‘I think of myself as the type of person who would buy a magazine in the next 2 weeks.’"
"self-identity-operationalizations.bib","NA","Bebetsos, Evangelos and Konstantoulas, Doukas","Contact Sports, Moral Functioning and Planned Behaviour Theory.","2006/08//","incl","  ""Generally I'm the type of a person who behaves unsportsmanlike, 
 [..] ""Generally I'm the type of a person who behaves [..] to lie to an official, 
 [..] ""Generally I'm the type of a person who behaves [..] to violate a rule, to risk an opponent's injury, 
 [..] ""Generally I'm the type of a person who behaves [..] to deliberately hurt an opponent"""
"self-identity-operationalizations.bib","NA","Spence, Alexa and Townsend, Ellen","Examining Consumer Behavior Toward Genetically Modified (GM) Food in Britain.","2006/06//","incl","  “I am the type of person that would eat GM food.” 
 “I am the kind of person who will only eat food that has beengrown naturally without genetic modification.”"
"self-identity-operationalizations.bib","NA","Tsorbatzoudis, Haralambos","Evaluation of a school-based intervention programme to promote physical activity: An application of the theory of planned behavior.","2005/12//","incl","  ""I would feel that I lost something, if I could not participate in physical activities for at least 3 times a week in the next 3 mo.,"" 
 ""Participation in physical activities for at least 3 times a week in the next 3 mo. is an important part of my life,"" 
 ""Participation in physical activities is a way I express myself."""
"self-identity-operationalizations.bib","NA","Tsorbatzoudis, Haralambos","Evaluation of a planned behavior theory-based intervention programme to promote healthy eating.","2005/10//","incl","  'I would feel that I would lose something, if I could not eat healthily for the next three months' 
 'Healthy eating for the next three months is an important part of my life' 
 'Healthy eating is an expression of who I am'"
"self-identity-operationalizations.bib","NA","Liu, Yifei and Doucette, William R. and Farris, Karen B. and Nayakankuppam, Dhananjay","Drug information-seeking intention and behavior after exposure to direct-to-consumer advertisement of prescription drugs.","2005/06//","incl","  “To what extent does trying to get more information about a medication for an advertised antiarthritic prescription medicine from each of the following sources during the next six weeks affect you” (“1 = does not affect” and “7 = does affect”) 
 “Quite frankly, I don't care about trying to get more information about a medication for an advertised antiarthritic prescription medicine from each of the following sources during the next six weeks” (“1 = strongly disagree” and “7 = strongly agree”)"
"self-identity-operationalizations.bib","NA","Moan, Inger Synnøve and Rise, Jostein","Quitting Smoking: Applying an Extended Version of the Theory of Planned Behavior to Predict Intention and Behavior.","2005///","incl","  “1 look at myself as a person who smokes,” 
 “I’m a good example of a person who smokes,” 
 “I first and foremost look at myself as a nonsmoker.”"
"self-identity-operationalizations.bib","NA","Giles, M. and McClenahan, C. and Cairns, E. and Mallet, J.","An application of the Theory of Planned Behaviour to blood donation: The importance of self-efficacy.","2004/08//","incl","  ‘To give blood is an important part of who I am’"
"self-identity-operationalizations.bib","NA","Evans, Daphne and Norman, Paul","Predicting adolescent pedestrians' road-crossing intentions: An application and extension of the Theory of Planned Behaviour.","2003/05//","incl","  ‘I like to think of myself as someone who always thinks carefully about how to cross the road’ 
 ‘I like to think of myself as a careful pedestrian’"
"self-identity-operationalizations.bib","NA","Cook, A. J. and Kerr, G. N. and Moore, K.","Attitudes and intentions towards purchasing GM food.","2002/10//","incl","  I am the type of person who will purchase food produced using genetic engineering 
 I am the type of person who will not purchase food produced using genetic engineering"
"self-identity-operationalizations.bib","NA","Armitage, Christopher J. and Conner, Mark","Social cognitive determinants of blood donation.","2001/07//","incl","  “For you personally, how important is blood donation?‘ 
 “How concerned are you about donating blood? ” 
 “To what extent does blood donation affect you personally?” 
 “For me, being a blood donor means more than just donating blood” 
 “Quite frankly, I don’t care about blood donation” 
 “The issues of blood donation is . . . (not personally relevant-personally relevant)"" 
 “Blood donation is something I rarely even think about” 
 “Blood donation is an important part of who I am” (strongly disagree-strongly agree)."
"self-identity-operationalizations.bib","NA","Conner, Mark and Flesch, Dina","Having casual sex: Additive and interactive effects of alcohol and condom availability on the determinants of intentions.","2001/01//","incl","  ""I think of myself as someone who is sexually liberated."" 
 ""I think of myself as someone who is broadminded with regards to casual sex."""
"self-identity-operationalizations.bib","NA","Åstrøm, Anne Nordrehaug and Rise, Jostein","Young adults' intention to eat healthy food: Extending the theory of planned behaviour.","2001///","incl","  “I look at myself as a person who eats healthy food"""
"self-identity-operationalizations.bib","NA","Fekadu, Zelalem and Kraft, Pål","Self-identity in planned behavior perspective: Past behavior and its moderating effects on self-identity–intention relations.","2001///","incl","  “Contraception is an important part of who I am” 
 “I am not a type of person oriented to engaging in contraception”."
"self-identity-operationalizations.bib","NA","Terry, Deborah J. and Hogg, Michael A. and White, Katherine M.","The theory of planned behaviour: Self-identity, social identity and group norms.","1999/09//","incl","  `To engage in householdrecycling is an important part of who I am ’ 
 `I am not the type of person oriented to engage in household recycling ’ 
 `I would feel at a loss if were forced to give up household recycling ’"
"self-identity-operationalizations.bib","NA","Conner, Mark and Warren, Rachel and Close, Stephen and Sparks, Paul","Alcohol consumption and the theory of planned behavior: An examination of the cognitive mediation of past behavior.","1999/08//","incl","  “Drinking alcohol is an important part of who I am” 
 “I would feel a loss if I were forced to give up drinking alcohol” 
 “Drinking alcohol is something I rarely even think about” 
 “For me, alcohol consumption means more than just having a drink” 
 “Drinking alcohol is a normal part of everyday life.” 
 “Would you class yourself as . . . a nondrinker, a light drinker, a moderate drinker, or a heavy drinker?”"
"self-identity-operationalizations.bib","NA","Armitage, Christopher J. and Conner, Mark","Predictive validity of the theory of planned behaviour: The role of questionnaire format and social desirability.","1999/07//Jul-Aug, 1999","incl","  `I think of myself as a ``healthy eater'' 
 `I think of myself as someone who is concerned with healthy eating' 
 `I think of myself as someone who is concerned with the health consequences of what I eat' 
 `I think of myself as someone who enjoys the pleasures of eating'"
"self-identity-operationalizations.bib","NA","Conner, Mark and McMillan, Brian","Interaction effects in the theory of planned behavior: Studying cannabis use.","1999/06//","incl","  I think of myself as a cannabis/ marijuana user’ 
 ` I would feel at a loss if I were forced to give up using cannabis/marijuana’ 
 ` For me, being a cannabis/marijuana user means more than just using cannabis/marijuana’ 
 `Using cannabis/marijuana is an important part of who I am.’"
"self-identity-operationalizations.bib","NA","Armitage, Christopher J. and Conner, Mark and Norman, Paul","Differential effects of mood on information processing: Evidence from the theories of reasoned action and planned behaviour.","1999/06//","incl","  `I think of myself as a healthy eater' 
 `I think of myself as someone who is concerned with ``healthy eating''' 
 `I think of myself as someone who is concerned about the health consequences of what I eat' 
 `I think of myself as someone who enjoys the pleasures of eating'"
"self-identity-operationalizations.bib","NA","Armitage, Christopher J. and Conner, Mark","The theory of planned behaviour: Assessment of predictive validity and 'perceived control'.","1999/03//","incl","  `I think of myself as a `` healthy eater ’’ ’ 
 `I thinkof myself as someone who is concerned with healthy eating’ 
 ` I think of myself as someone who is concerned with the health consequences of what I eat’ 
 `I think of myself as someone who enjoys the pleasures of eating"
"self-identity-operationalizations.bib","NA","Armitage, Christopher J. and Conner, Mark","Distinguishing perceptions of control from self-efficacy: Predicting consumption of a low-fat diet using the theory of planned behavior.","1999/01//","incl","  “I think of myself as a healthy eater” 
 “I think of myself as someone who is concerned with healthy. eating”; 
 “I think of myself as someone who is concerned with the health consequences of what I eat” 
 “I think of myself as someone who enjoys the pleasures of eating.”"
"self-identity-operationalizations.bib","NA","Evans, Daphne and Norman, Paul","Understanding pedestrians' road crossing decisions: An application of the theory of planned behaviour.","1998/12//","incl","  'Generally, do you consider yourself to be a 'safety conscious' pedestrian'"
"self-identity-operationalizations.bib","NA","Sparks, Paul and Guthrie, Carol A.","Self-identity and the theory of planned behavior: A useful addition or an unhelpful artifice?","1998/08//","incl","  “I think of myself as the sort of person who is concerned about the long-term health effects of my food choices” 
 “I think of myself as someone who generally thinks carefully about the health consequences of my food choices” 
 “I think of myself as a health-conscious person”"
"self-identity-operationalizations.bib","NA","Sparks, Paul and Shepherd, Richard and Wieringa, Nicole and Zimmermanns, Nicole","Perceived behavioural control, unrealistic optimism and dietary change: An exploratory study,.","1995/06//","incl","  ""I think of myself as someone who is concerned about the health consequences of what I eat"" 
 ""I think of myself as someone who enjoys the pleasures of eating"""
"self-identity-operationalizations.bib","NA","Theodorakis, Yannis and Bagiatis, Konstantinos and Goudas, Marios","Attitudes toward teaching individuals with disabilities: Application of planned behavior theory.","1995/04//","incl","  ""To teach individuals with disabilities during the next years is an important part of myself,"" 
 ""I am the type of person oriented to teach individuals with disabilities during the next years,"" 
 ""It is in my character to teach individuals with disabilities during the next years,"" 
 ""I am a person who must teach individuals with disabilities during the next years."""
"self-identity-operationalizations.bib","NA","Theodorakis, Yannis","Planned behavior, attitude strength, role identity, and the prediction of exercise behavior.","1994/06//","incl","  ""I would feel a loss, if I gave up exercising during the next two months"" 
 ""To participate in the program of this gym during the next two months, is an important part of myself"" 
 ""I am the type of person oriented to participate in the program of this gym during the next two months."""
"self-identity-operationalizations.bib","NA","Sparks, Paul and Shepherd, Richard","Self-identity and the theory of planned behavior: Assessing the role of identification with 'green consumerism.'","1992/12//","incl","  I think of myself as a 'health-conscious consumer 
 I think of myself as a 'green consumer' 
 I think of myself as someone who is very concerned with 'green issues"
"self-identity-operationalizations.bib","NA","Granberg, Donald and Holmberg, Sören","The intention-behavior relationship among U.S. and Swedish voters.","1990/03//","incl","  ""Generally speaking, do you usually think of yourself as a Republican, a Democrat, an independent, or what?"""
"self-identity-operationalizations.bib","NA","Charng, Hong-wen and Piliavin, Jane A. and Callero, Peter L.","Role identity and reasoned action in the prediction of repeated behavior.","1988/12//","incl","  Blood donation is something I rarely even think about (reversed). 
 I would feel a loss if I were forced to give up donating blood. 
 I really do not have any clear feelings about blood donation (reversed). 
 For me, being a blood donor means more than just donating blood. 
 Blood donation is an important part of who I am"
"self-identity-operationalizations.bib","haydon2018examining","Haydon, Helen M and Obst, Patricia L and Lewis, Ioni","Examining Women's Alcohol Consumption: The Theory of Planned Behavior and Self-Identity","2018","incl","  “I think of myself as a drinker.” 
 “I am the type of person who enjoys a drink.” 
 “I am the type of person who doesn’t mind getting a bit drunk.” 
 “I think of myself as fun because I have a few drinks.”"
"self-identity-operationalizations.bib","brouwer2015expanding","Brouwer, Amanda M and Mosack, Katie E","Expanding the theory of planned behavior to predict healthy eating behaviors: Exploring a healthy eater identity","2015","incl","  “I see myself to be a healthy eater” 
 “I have numerous goals related to healthy eating”"
"self-identity-operationalizations.bib","kiefer2008intention","Kiefer, David J","Intention to Use Dietary Supplements: The Role of Self-Identity and Past Behavior in the Theory of Planned Behavior","2008","incl","  I think of myself as someone who is very concerned with dietary supplement use 
 I think of myself as the sort of person who is concerned about the long-term effects of supplement use 
 I think of myself as someone who generally thinks carefully about the health consequences of dietary supplement use 
 Supplement use is something I rarely even think about 
 I really do not have any clear feelings about dietary supplement use 
 I would feel a loss if I were forced to give up my dietary supplement use 
 To engage in dietary supplement use is an important part of who I am 
 I am not the type of person to engage in dietary supplement use 
 I am not the type of person oriented to use dietary supplements 
 I consider myself a typical user of dietary supplements 
 I see myself as a typical user of dietary supplements"
"self-identity-operationalizations.bib","dumitrescu2013predicting","Dumitrescu, Alexandrina L and Du{\c{t}}{\u{a}}, Carmen and Dogaru, Carmen Beatrice and Manolescu, Bogdan","Predicting Undergraduates' Intentions to Improve Oral Health Behaviors: The Importance of Self--Identity--A Pilot Study","2013","incl","  “The oral cavity and dental health are an important part of who I am” 
 “I think of myself as someone who cares about his dental health”"
"self-identity-operationalizations.bib","puntoni2001self","Puntoni, Stefano","Self-identity and purchase intention: an extension of the theory of planned behaviour","2001","incl","  ""I regard myself as a person preoccupied with always being in expensive and high quality clothing"" 
 ""I think of myself as a person who is very concerned with the care of his clothes"" 
 ""I think of myself as a trendy person"""
"self-identity-operationalizations.bib","patiro2016theory","Patiro, Shine Pintor S and Budiyanti, Hety","The Theory of Planned Behavior, Past Behavior, Situational Factors, and Self-Identity Factors Drive Indonesian Enterpreneurs to Be Indebtedness","2016","incl","  “I think of my self as a young enterpreneur” 
 “I think of my self as a optimist person” 
 “I think of my self as a liable person 
 “I think of my self as a honest person”"
"self-identity-operationalizations.bib","veludo2013accounting","Veludo-de-Oliveira, Tania and Pallister, John G and Foxall, Gordon R","Accounting for sustained volunteering by young people: An expanded TPB","2013","incl","  ‘‘I would feel at a loss if I were forced to give up my volunteering’’ 
 ‘‘For me, being a volunteer means more than just volunteer work’’"
"self-identity-operationalizations.bib","holst2012application","Holst, Anne and Iversen, Julie Maria","An application of a revised theory of planned behavior","2012","incl","  I reflect about my health a lot. 
 I am very self-conscious about my health. 
 I am very involved with my health. 
 I never read the list of ingredients on the label before using a new personal care product. 
 I always read the list of ingredients on the label before using a new personal care product. 
 It is important to me that my personal care products are branded with an eco-label such as the Flower, the Nordic Swan or Eco-Cert. 
 It is not important to me that my personal care products are branded with an eco-label such as the Flower, the Nordic Swan or Eco-Cert. 
 A substantial amount of money should be devoted to environmental protection. 
 Unless each of us recognizes the need to protect the environment, future generations will suffer the consequences. 
 Green issues should not be a main consideration when deciding what we do in the future. 
 Personally, I cannot help to slow down environmental deterioration. 
 I think it is important to buy organic products in order to protect the environment. 
 I think it is important to buy organic products in order to protect myself and loved ones. 
 The environment is one of the most important issues facing society today."
"self-identity-operationalizations.bib","jackson2003applying","Jackson, Cath and Smith, Andrew and Conner, Mark","Applying an extended version of the theory of planned behaviour to physical activity","2003","incl","  ‘I see myself as sporty’ 
 ‘I see myself as fit and healthy’ 
 ‘I see myself as a physically active person’ 
 ‘Others might see me as a couch potato’"
"self-identity-operationalizations.bib","bilim2015determinants","B{\.I}L{\.I}M, {\.I}BRAH{\.I}M","DETERMINANTS OF HEALTHY EATING BEHAVIOURS AMONG MIDDLE SCHOOL STUDENTS: THE THEORY OF PLANNED BEHAVIOUR APPROACH","2015","incl","  “I think of myself as someone who eat healthy ”"
"self-identity-operationalizations.bib","wang2016psychological","Wang, Yao-Fen and Wang, Chung-Jen","Do psychological factors affect green food and beverage behaviour? An application of the theory of planned behaviour","2016","incl","  “I firmly believe in the idea of GFBs”
 “I involve in GFB actions”
 “I think of myself as a green food consumer” 
 “I think of myself as someone who is very concerned with environmental issues in dining”"
"self-identity-operationalizations.bib","verkooijen2013exercise","Verkooijen, Kirsten T and de Bruijn, Gert-Jan","Exercise self-identity: Interactions with social comparison and exercise behaviour","2013","incl","  [Engaging in physical exercise is something that] fits the way I want to live 
 [Engaging in physical exercise is something that] fits who I am 
 [Engaging in physical exercise is something that] is how I perceive myself 
 [Engaging in physical exercise is something that] is typical for me"
"self-identity-operationalizations.bib","carfora2016explaining","Carfora, Valentina","Explaining and promoting healthy food choice: A Theory of Planned Behaviour approach","2016","incl","  “I think of myself as a healthy eater 
 “I think of myself as someone who is concern with healthy eating” 
 ‘‘I think of myself as someone who is concerned about the health consequences of what I eat"
"self-identity-operationalizations.bib","yazdanpanah2015governance","Yazdanpanah, Masoud and Komendantova, Nadejda and Ardestani, Roshanak Shafiei","Governance of energy transition in Iran: Investigating public acceptance and willingness to use renewable energy sources through socio-psychological model","2015","incl","  I am the type of person who would use RE at homes 
 Using of RE at homes is an important part of who I am 
 I am not the type of person who would be involved in using RE at homes"
"self-identity-operationalizations.bib","pakpour2014household","Pakpour, Amir H and Zeidi, Isa Mohammadi and Emamjomeh, Mohammad Mahdi and Asefzadeh, Saeed and Pearson, Heidi","Household waste behaviours among a community sample in Iran: An application of the theory of planned behaviour","2014","incl","  “I consider myself an energy-saver”"
"self-identity-operationalizations.bib","white2017identity","White, Katherine M and Poulsen, Brooke E and Hyde, Melissa K","Identity and personality influences on donating money, time, and blood","2017","incl","  “Volunteering my time for a charity/non-profit organization (being a blood donor/donating money) is an important part of who I am” 
 “I am the type of person who would volunteer my time for a charity/non-profit organization 
 general role identity as: 
 “Being helpful to others is an important part of who I am” 
 “I am the type of person who helps others,”"
"self-identity-operationalizations.bib","karimy2012intention","Karimy, Mahmood and Niknami, Shamsaddin and Hidarnia, Ali Reza and Hajizadeh, Ibrahim","Intention to start cigarette smoking among Iranian male adolescents: usefulness of an extended version of the theory of planned behaviour","2012","incl","  ‘I am a non-smoker’ 
 ‘I am an occasional smoker’ 
 ‘I am an irregular smoker’ 
 ‘I am a regular smoker’ 
 ‘I am an ex-smoker’"
"self-identity-operationalizations.bib","yazdanpanah2011investigating","Yazdanpanah, Masoud and Hayati, Dariush and Zamani, Gholam Hossein","INVESTIGATING AGRICULTURAL PROFESSIONALS’INTENTIONS AND BEHAVIOURS TOWARDS WATER CONSERVATION: USING A MODIFIED THEORY OF PLANNED BEHAVIOUR","2011","incl","  ""I think of myself as an water conservation person"" 
 “I think of myself as someone who is very concerned about water issues"" 
 ""Engaging in water conservation activities is an important part of who I am"""
"self-identity-operationalizations.bib","yazdanpanah2016investigating","Yazdanpanah, Masoud and Forouzani, Masoumeh and Abdeshahi, Abbas and Jafari, Ahmad","Investigating the effect of moral norm and self-identity on the intention toward water conservation among Iranian young adults","2016","incl","  I think of myself as a water conservation person 
 Engaging in water conservation activities is an important part of who I am 
 I am the type of person who would conserve water"
"self-identity-operationalizations.bib","jenkins2015motivating","JENKINS, Amy","Motivating Fruit and Vegetable Consumption Using Self-Identity","2015","incl","  “I see myself to be a healthy/fruit/vegetable eater.” 
 “I have numerous goals related to healthy eating/ eating fruit/ eating vegetables” 
 “Being a healthy/fruit/vegetable eater is a central factor to my self-concept.”"
"self-identity-operationalizations.bib","masser2009predicting","Masser, Barbara M and White, Katherine M and Hyde, Melissa K and Terry, Deborah J and Robinson, Natalie G","Predicting blood donation intentions and behavior among Australian blood donors: testing an extended theory of planned behavior model","2009","incl","  “I am the kind of person whodonates blood,” 
 “Blood donation is important to me,” 
 “Donating blood is a part of who I am”"
"self-identity-operationalizations.bib","mcmahon2008predicting","McMahon, Roz and Byrne, Molly","Predicting donation among an Irish sample of donors and nondonors: extending the theory of planned behavior","2008","incl","  “Blood donation is important to me” (not at all to a great deal) 
 “The issue of blood donation is...”(not relevant to me torelevant to me) 
 “Blood donation is something I rarely think about”"
"self-identity-operationalizations.bib","graham2015predicting","Graham-Rowe, Ella and Jessop, Donna C and Sparks, Paul","Predicting household food waste reduction using an extended theory of planned behaviour","2015","incl","  “I am the type of person who would reduce the amount of fruit and vegetables that gets thrown away from my household over the next seven days”"
"self-identity-operationalizations.bib","ham2015predicting","Ham, Marija and {\v{S}}timac, Helena and Pap, Ana and Oec, Mag","Predicting the intention to purchase green food in Croatia--the influence of percieved self-identity","2015","incl","  Purchasing green products makes an important part of my personality. 
 I think of myself as a person of great interest in green products 
 Green products are a part of my lifestyle."
"self-identity-operationalizations.bib","masser2012predicting","Masser, Barbara M and Bednall, Timothy C and White, Katherine M and Terry, Deborah","Predicting the retention of first-time donors using an extended Theory of Planned Behavior","2012","incl","  Blood donation is important to me,” 
 “I am like the kind of person who donates blood,” 
 “Blood donation is an important part of who I am”"
"self-identity-operationalizations.bib","celuch2002promoting","Celuch, Kevin and Slama, Mark","Promoting critical thinking and life-long learning: An experiment with the theory of planned behavior","2002","incl","  [""I think of myself as a ] clear thinker 
 [""I think of myself as a ] deep thinker 
 [""I think of myself as a ] accurate thinker 
[""I think of myself as a ] broadminded thinker"""
"self-identity-operationalizations.bib","santina2017psychosocial","Santina, Tania and Godin, Gaston and Gagn{\'e}, Camille and Guillaumie, Laurence","Psychosocial determinants of physical activity at school among Lebanese children: an application of the planned behavior theory","2017","incl","  Do you feel like you have the profile of someone who does a lot physical activity?"
"self-identity-operationalizations.bib","wevers2014return","Wevers, Anne and Wigboldus, Dani{\""e}l HJ and van Baaren, Rick and Veldhuizen, Ingrid JT","Return behavior of occasional and multigallon blood donors: the role of theory of planned behavior, self-identity, and organizational variables","2014","incl","  “For me, being a blood donor means more than just donating blood,” 
 “Blood donation is an important part of who I am,” 
 “I would feel a loss if I were forced to give up donatingblood”"
"self-identity-operationalizations.bib","manning2006joint","Manning, Mark","The joint effects of persuasion and implementation intentions: an investigation using the theory of planned behavior.","2006","incl","  ""Donating blood is an important part of who I am."""
"self-identity-operationalizations.bib","dennis2009nature","Dennis, Bryan S and Buchholtz, Ann K and Butts, Marcus M","The nature of giving: A theory of planned behavior examination of corporate philanthropy","2009","incl","  I think of myself as a philanthropist. 
 I am very concerned with philanthropy. 
 Philanthropy is an important part of who I am."
"self-identity-operationalizations.bib","alselaimi2010using","Alselaimi, Abdullah","Using the Theory of Planned Behaviour to investigate the antecedents of physical activity participation among Saudi adolescents","2010","incl","  “I see myself as sporty person who participates in sport at least 30 minutes 3 times per week over the next five weeks during leisure time” 
 “I would feel at a loss if I were forced to give up exercising vigorously for at least 30 minutes 3 times per week over the next five weeks during leisure time” 
 “I am the type of person who enjoys exercising vigorously for at least 30 minutes three times per week over the next five weeks during leisure time” 
 “I see myself as a physically active person who exercises vigorously for at least 30 minutes 3 times per week over the next five weeks during leisure time” 
 “I think of myself as someone who exercises vigorously for at least 30 minutes 3 times per week over the next five weeks during leisure time”."
"self-identity-operationalizations.bib","jebarajakirthy2014war","Jebarajakirthy, Charles and Lobo, Antonio C","War affected youth as consumers of microcredit: an application and extension of the theory of planned behaviour","2014","incl","  I think of myself as a person who is concerned about using microcredits 
 It is part of my life to seek microcredits 
 I am proud to use microcredits"
